{
  "L6": {
    "dense_m64": 0.013309563510119915,
    "reduced95": 0.06736829876899719,
    "reduced99": 0.02566760592162609,
    "nystrom_L256": 0.05068172141909599
  },
  "L12": {
    "dense_m64": 0.0016380430897697806,
    "reduced95": 0.0075938161462545395,
    "reduced99": 0.0023523448035120964,
    "nystrom_L256": 0.03573903068900108
  },
  "L18": {
    "dense_m64": 0.0011779962806031108,
    "reduced95": 0.007331319153308868,
    "reduced99": 0.0021707075648009777,
    "nystrom_L256": 0.028537215664982796
  }
}